{
	"IcoMoonType": "selection",
	"icons": [
		{
			"icon": {
				"width": 736,
				"paths": [
					"M256 544l360-360 64 64-360 360h-64v-64zM728 160c4 6 8 12 8 20s-4 14-8 20l-24 24-64-64 24-24c6-4 12-8 20-8s14 4 20 8zM352 640l256-258v450h-608v-576h480l-256 256v128h128z"
				],
				"tags": [
					"ion-ios7-compose"
				],
				"defaultCode": 61822,
				"grid": 0
			},
			"properties": {
				"id": 264,
				"order": 23,
				"prevSize": 32,
				"code": 61822,
				"name": "blog",
				"ligatures": ""
			},
			"setIdx": 0,
			"iconIdx": 14
		},
		{
			"icon": {
				"width": 768,
				"paths": [
					"M768 768h-768v-484l262 200-136 154 4 4 158-140 96 74 96-74 158 140 4-4-136-154 262-200v484zM752 256l-368 280-368-280h736z"
				],
				"tags": [
					"ion-ios7-email"
				],
				"defaultCode": 61831,
				"grid": 0
			},
			"properties": {
				"id": 273,
				"order": 20,
				"prevSize": 32,
				"code": 61831,
				"name": "contact",
				"ligatures": ""
			},
			"setIdx": 0,
			"iconIdx": 15
		},
		{
			"icon": {
				"width": 768,
				"paths": [
					"M384 224l320 256v416h-224v-256h-192v256h-224v-416zM384 128l384 308v40l-384-308-384 308v-40l64-52v-192h128v90z"
				],
				"tags": [
					"ion-ios7-home"
				],
				"defaultCode": 62251,
				"grid": 0
			},
			"properties": {
				"id": 299,
				"order": 21,
				"prevSize": 32,
				"code": 62251,
				"name": "home",
				"ligatures": ""
			},
			"setIdx": 0,
			"iconIdx": 16
		},
		{
			"icon": {
				"width": 832,
				"paths": [
					"M416 96c230 0 416 186 416 416s-186 416-416 416-416-186-416-416 186-416 416-416zM408 304c-22 0-40 18-40 40s18 40 40 40 40-18 40-40-18-40-40-40zM480 704v-16h-32v-256h-96v16h32v240h-32v16h128z"
				],
				"tags": [
					"ion-ios7-information"
				],
				"defaultCode": 61857,
				"grid": 0
			},
			"properties": {
				"id": 304,
				"order": 22,
				"prevSize": 32,
				"code": 61857,
				"name": "information",
				"ligatures": ""
			},
			"setIdx": 0,
			"iconIdx": 17
		},
		{
			"icon": {
				"width": 512,
				"paths": [
					"M0 192v0l512 320-512 320v-640z"
				],
				"tags": [
					"ion-ios7-play"
				],
				"defaultCode": 61896,
				"grid": 0
			},
			"properties": {
				"id": 355,
				"order": 15,
				"prevSize": 32,
				"code": 61896,
				"name": "games",
				"ligatures": ""
			},
			"setIdx": 0,
			"iconIdx": 18
		},
		{
			"icon": {
				"width": 384,
				"paths": [
					"M256 384h128l-16 128h-112v384h-166v-384h-90v-128h90v-86c0-108 46-170 182-170h112v128h-68c-54 0-60 18-60 52v76z"
				],
				"tags": [
					"ion-social-facebook"
				],
				"defaultCode": 62001,
				"grid": 0
			},
			"properties": {
				"id": 528,
				"order": 16,
				"prevSize": 32,
				"code": 62001,
				"name": "facebook",
				"ligatures": ""
			},
			"setIdx": 0,
			"iconIdx": 19
		},
		{
			"icon": {
				"paths": [
					"M944 220c-26 40-58 72-96 100v24c0 256-196 552-552 552-110 0-210-32-296-88 16 2 30 4 46 4 90 0 174-32 240-84-84-2-156-58-180-134 12 2 24 4 36 4 18 0 36-4 52-8-88-18-156-96-156-190v-2c26 14 56 24 88 24-52-34-86-94-86-162 0-36 10-68 26-96 96 118 238 194 398 202-4-14-4-28-4-44 0-108 86-194 194-194 56 0 104 24 140 62 44-8 86-26 124-48-14 46-46 84-86 108 40-4 78-14 112-30z"
				],
				"width": 944,
				"tags": [
					"ion-social-twitter"
				],
				"defaultCode": 62019,
				"grid": 0
			},
			"properties": {
				"id": 556,
				"order": 24,
				"prevSize": 32,
				"code": 62019,
				"name": "twitter",
				"ligatures": ""
			},
			"setIdx": 1,
			"iconIdx": 584
		}
	],
	"height": 1024,
	"metadata": {
		"name": "ionicons"
	},
	"preferences": {
		"fontPref": {
			"prefix": "icon-",
			"metadata": {
				"fontFamily": "ionicons",
				"majorVersion": 1,
				"minorVersion": 0
			},
			"showGlyphs": true,
			"metrics": {
				"emSize": 512,
				"baseline": 6.25,
				"whitespace": 50
			},
			"resetPoint": 58880,
			"showQuickUse": true,
			"quickUsageToken": false,
			"showMetrics": true,
			"showMetadata": false,
			"ie7": true,
			"postfix": ""
		},
		"imagePref": {
			"color": 0,
			"height": 32,
			"columns": 16,
			"margin": 16,
			"png": false,
			"sprites": true
		},
		"historySize": 100,
		"showCodes": true,
		"gridSize": 16,
		"showLiga": false,
		"showGrid": true,
		"showGlyphs": true,
		"showQuickUse": true,
		"search": ""
	}
}